Title;Artist;Genre
Shut Down;BLACKPINK;Pop, K-Pop (케이팝), Modern Classical, Orchestral, Girl Group, South Korea, Genius Korea
Pink Venom;BLACKPINK;Pop, Korean, Hip-Hop, K-Pop (케이팝), Girl Group, South Korea, Genius Korea
I'm Good (Blue);David Guetta & Bebe Rexha;Pop, Rap, Hip-Hop, Cloud Rap, Trap, Conscious Hip-Hop, Memes, West Coast
As It Was;Harry Styles;Rock, Pop, Electronic, UK Pop, Dance Rock, Funk Rock, Funk, New Wave, Synth Rock, Alternative, Alternative Rock, Funk-Pop, Alternative Pop, Dance-Pop, Dance, Pop-Rock, Synth-Pop, UK
Me Porto Bonito;Bad Bunny & Chencho Corleone;Pop, Reggaetón, Puerto Rico, En Español, Latin Pop, Latin Urban, Latin Music
I Ain't Worried;OneRepublic;Pop, Pop-Rock, Soundtrack
Bzrp Music Sessions, Vol. 52;Bizarrap & Quevedo;Pop, Rap, Pop Rap, Trap, Spanish Rap, House, Spanish Pop, En Español, Spanish Music, Argentina, Spanish Urban
Titi Me Pregunto;Bad Bunny;Pop, Latin Trap, Trap, Dembow, Puerto Rico, En Español, Latin Pop, Latin Urban, Latin Music
Under The Influence;Chris Brown;R&B, Alternative R&B, Alternative, DMV
Super Freaky Girl;Nicki Minaj;Rap, Pop, TikTok, Electro-Pop, Dance, Clash, Trap, Electronic, East Coast, Electronic Trap, Dance-Pop, Trinidad & Tobago
La Bachata;Manuel Turizo;Pop, Colombia, Bachata, En Español, Latin Pop, Latin Urban, Latin Music
Despecha;Rosalia;Pop, Latin Pop, Merengue, Mambo, Spanish Music, Spanish Urban, Spanish Pop, En Español
Calm Down;Rema & Selena Gomez;R&B, Chillout, Pop-R&B, Contemporary R&B, Nigeria, Afrobeats
Bad Habit;Steve Lacy;Pop, R&B, Alternative, Soul Pop, Neo Soul, Psychedelic Soul, Soul, Psychedelic, Pop-Rock, Alternative Pop, Alternative R&B
Efecto;Bad Bunny;Pop, Reggaetón, Puerto Rico, En Español, Latin Pop, Latin Urban, Latin Music
Typa Girl;BLACKPINK;Pop, K-Pop (케이팝), Hip-Hop, Girl Group, South Korea, Genius Korea
Heat Waves;Glass Animals;R&B, Pop, Trap, Electronic Trap, UK R&B, Alternative R&B, Electro-Pop, Psychedelic, Alternative, Electronic, Adult Alternative, Trip-Hop, UK, Alternative Pop, Synth-Pop
Snap;Rosa Linn;Country, Pop, Pop Country, Armenia, Eurovision
Another Love;Tom Odell;Pop, Rock, UK Pop, Adult Alternative, British Rock, Alternative, Alternative Rock, Piano Rock, UK, Ballad, Singer-Songwriter, Alternative Pop, Piano, Pop-Rock
Ojitos Lindos;Bad Bunny & Bomba Estereo;Pop, Colombia, Reggaetón, Puerto Rico, En Español, Latin Pop, Latin Urban, Latin Music
Running Up That Hill (A Deal With God);Kate Bush;Pop, Progressive Pop, Soundtrack, Memes, UK Pop, Netflix, TV, Avant Garde, Adult Contemporary, Singer-Songwriter, Alternative Pop, Alternative, Avant-Pop, Eighties, UK, Synth-Pop, New Wave, Art Pop
Moscow Mule;Bad Bunny;Pop, Puerto Rico, En Español, Latin Pop, Latin Urban, Latin Music
Save Your Tears;The Weeknd & Ariana Grande;R&B, Pop, Ballad, Alternative Pop, Alternative, Nu Disco, Alternative R&B, New Wave, Synthwave, Canada, Synth-Pop
Neverita;Bad Bunny;Pop, House, Latin Trap, Trap, Latin Pop, Puerto Rico, En Español, Latin Urban, Latin Music
Glimpse Of Us;Joji;R&B, Pop, Soul Pop, Soul, Australia, Alternative R&B, Japan, Alternative Pop, Alternative, Adult Contemporary, Singer-Songwriter, Ballad, Piano
Sunroof;Nicky Youre & dazy;Rock, Pop, Bedroom Pop, Pop-Rock, Alternative Rock, Alternative Pop, Indie, Alternative
Hard To Love;BLACKPINK;Pop, K-Solo, K-Pop (케이팝), Nu Disco, Pop-Rock, South Korea, Genius Korea
Cold Heart (PNAU Remix);Elton John & Dua Lipa;Rap, Cloud Rap, Trap
I Like You (A Happier Song);Post Malone Featuring Doja Cat;Rap, Soundtrack, Broadway, History, Musicals
Hold Me Closer;Elton John & Britney Spears;Pop, Singer-Songwriter, Alternative Pop, Alternative Dance, Alternative, Electro, Electronica, Electro-Pop, Electronic, Dance, Mashup, Nu Disco, Dance-Pop, UK, Remix
Provenza;Karol G;Pop, Afrobeats, Colombia, Latin Pop, Latin Urban, Latin Music, En Español
Stay;The Kid LAROI & Justin Bieber;R&B, Pop, Pop Rap, Contemporary R&B, Duet, New Wave, Synth-Pop, Australia, Canada
Ferrari;James Hype & Miggy Dela Rosa;Pop, Deep House, House, Alternative Dance, Electronic, UK, Dance-Pop, Electro-Pop, Dance
The Happiest Girl;BLACKPINK;Pop, K-Ballad, Modern Classical, Ballad, Genius Korea, South Korea, Girl Group
About Damn Time;Lizzo;Rap, R&B, Pop, Pop Rap, Hip-Hop, Pop-R&B, Dance, Funk, Nu Disco, Funk-Pop, Dance-Pop
Levitating;Dua Lipa;Rap, Pop, TikTok, Electro-Pop, Funk-Pop, Dance, Dance-Pop, Synth-Pop, Nu Disco, UK
Jimmy Cooks;Drake Featuring 21 Savage;Rap, Pop Rap, Hardcore Hip-Hop, Outro, Atlanta Rap, Hip-Hop, Trap, Canada
Gatubela;Karol G x Maldy;Pop, Latin Music, Puerto Rico, Latin Urban, Colombia, En Español, Reggaetón, Latin Pop
Late Night Talking;Harry Styles;R&B, Pop, Synth-Pop, Funk-Pop, Dance, Dance-Pop, UK
Sweater Weather;The Neighbourhood;Pop, Rock, Alternative Pop, Alternative, Adult Contemporary, Adult Alternative, Pop-Rock, Alternative Rock
Shivers;Ed Sheeran;Pop, UK Pop, Singer-Songwriter, Dance-Pop, UK
Die For You;The Weeknd;R&B, Pop, Ambient, Electro-Pop, Dark Ambient, Dark Pop, Adult Alternative, Alternative Dance, Dance-Pop, Dance, Electronic, Alternative Pop, Alternative, Adult Contemporary, Alternative R&B, Ballad
Yeah Yeah Yeah;BLACKPINK;Pop, Genius Korea, Romanized
Left And Right;Charlie Puth Featuring Jung Kook;Pop, Synth-Pop, K-Pop (케이팝), K-Solo, South Korea, Genius Korea
Blinding Lights;The Weeknd;Pop, Nightcore, Dance-Pop, Electro-Pop, Synth-Pop, Synthwave
Doja;Central Cee;Rap, Hip-Hop, Trap, Memes, Drill, UK Drill, UK, UK Rap
After Like;IVE;Pop, EDM, Electro, Electronica, Electro-Pop, Electronic, Dance-Pop, Dance, Nu Disco, House, K-Pop (케이팝), South Korea, Genius Korea, Korean, Girl Group
Bones;Imagine Dragons;Rock, Pop, Alternative Rock, Alternative Pop, Pop-Rock, Alternative
Something In The Orange;Zach Bryan;Country
B.O.T.A. (Baddest Of Them All);Eliza Rose & Interplanetary Criminal;Pop, Latin Urban, Puerto Rico, Dancehall, Remix, Latin Pop, Reggaetón, Latin Music, En Español
Wait For U;Future Featuring Drake & Tems;Pop, R&B, Rap, Boom Bap, Contemporary R&B, Trap, Hip-Hop, Pop-R&B, Pop Rap, Nigeria, Canada, Atlanta Rap
Tally;BLACKPINK;Rock, Pop, K-Pop (케이팝), Pop-Rock, Hip-Hop, Genius Korea, South Korea, Girl Group
Break My Soul;Beyonce;Rap, Pop, R&B, Pop Rap, Dance, Electro House, Bounce, Dance-Pop, Electronic, Electro-Pop, House
Bad Habits;Ed Sheeran;Pop, Synth-Pop, House, Singer-Songwriter, Dance-Pop, UK
Cuff It;Beyonce;Pop, R&B, Funk-Pop, Electro-Pop, Synth-Pop, Dance, Synth Funk, Electro-Funk, Funk, Contemporary R&B, Dance-Pop, Electronic, Nu Disco
Romantic Homicide;d4vd;Rock, Pop, Bandlab, Indie Pop, Indie Rock, Indie, Pop-Rock, Alternative, Alternative Rock, Alternative Pop
Vegas;Doja Cat;Rap, Trap, Chipmunk Soul, Pop Rap, Soundtrack
Talk That Talk;TWICE;Pop, K-Pop (케이팝), Girl Group, Korean, South Korea, Genius Korea
Forget Me;Lewis Capaldi;Pop, Synth-Pop, Adult Alternative, Piano, Alternative Pop, UK Pop, Singer-Songwriter, Scotland, UK
Ready For Love;BLACKPINK;Pop, EDM, K-Pop (케이팝), Dance-Pop, Dance, Girl Group, South Korea, Genius Korea, Korean
The Kind Of Love We Make;Luke Combs;Country
Until I Found You;Stephen Sanchez;Pop, Acoustic, Ballad, Singer-Songwriter, Bedroom Pop, Soft Rock, Alternative Pop, Alternative
Tarot;Bad Bunny & Jhay Cortez;Pop, Dancehall, Latin Pop, Puerto Rico, En Español, Latin Urban, Latin Music
Enemy;Imagine Dragons X JID;Rock, Rap, Pop, TV, Alternative Pop, Alternative, Gaming, Memes, Rap-Rock, Alternative Rock, Pop Rap, Pop-Rock, Soundtrack
Mary On A Cross;Ghost;Rock, Psychedelic, Alternative, Scandinavia, Sverige, Svensk Rock, Alternative Rock, Psychedelic Rock
You Proof;Morgan Wallen;R&B, Country, Singer-Songwriter, Honky Tonk, Alternative R&B, Synth-Pop, Trap, Pop Country
Party;Bad Bunny & Rauw Alejandro;Pop, Reggaetón, Puerto Rico, En Español, Latin Pop, Latin Urban, Latin Music
Lokera;Rauw Alejandro, Lyanno & Brray;Pop, Reggaetón, Puerto Rico, En Español, Latin Pop, Latin Urban, Latin Music
Last Last;Burna Boy;Pop, Nigerian Pidgin, Nigeria, Afrobeats
Perfect;Ed Sheeran;Pop, UK Pop, Soft Rock, Acoustic, Orchestral, Easy Listening, Piano, Singer-Songwriter, Adult Contemporary, Ballad, UK
Hype Boy;NewJeans;Pop, Dance-Pop, Future Bass, K-Pop (케이팝), Korean, South Korea, Genius Korea, Girl Group
Golden Hour;JVKE;Pop, Hip-Hop, Indie Pop, Indie, Piano, Alternative Pop, Alternative
Yellow;Coldplay;Rock, Pop-Rock, British Rock, Post-Britpop, Ballad, Adult Alternative, Adult Contemporary, UK, Alternative Rock, Alternative
New Genesis;Ado;Pop, Romanized
Bam Bam;Camila Cabello Featuring Ed Sheeran;Pop, En Español, UK, Latin Pop
Happier Than Ever;Billie Eilish;Pop, TikTok, Pop-Punk, Neo Soul, Soul, Alternative Pop, Pop-Rock, Grunge, Noise Pop
First Class;Jack Harlow;R&B, Pop, Rap, Hip-Hop, Cloud Rap, Trap, Pop Rap
Starboy;The Weeknd Featuring Daft Punk;Pop, R&B, Alternative Pop, Alternative, Piano, Dark Pop, Synth-Pop, Canada, Alternative R&B
Pepas;Farruko;Pop, Guaracha, Electro House, Electronica, Electro, Electro-Pop, En Español, Puerto Rico, Latin Pop, Latin Urban, Latin Music
Ku Lo Sa;Oxlade;Pop
Ghost;Justin Bieber;R&B, Pop, Pop-R&B, Contemporary R&B, Future Garage, Dance-Pop, Dance, Synth-Pop, Ballad, Drum & Bass, Canada
Te Felicito;Shakira & Rauw Alejandro;Pop, Electro, Electro-Pop, Reggaetón, Colombia, Puerto Rico, En Español, Latin Pop, Latin Urban, Latin Music
Numb;Marshmello & Khalid;Pop, House, EDM, Singer-Songwriter, Electro House, Electro, Electro-Pop, Electronic, Dance-Pop, Dance
Believer;Imagine Dragons;Pop, Rock, Synth Rock, Anthem, Adult Alternative, Alternative, Alternative Pop, Alternative Rock, Alternative R&B, Synth-Pop, Album-Oriented Rock (AOR), Pop-Rock
Caile;Luar La L;Pop, Latin Pop, En Español, Puerto Rico, Latin Urban, Latin Music, Reggaetón
Unstoppable;Sia;Pop, Electronic, Electro-Pop, New Wave, Australia
Billie Eilish.;Armani White;Rap
La Corriente;Bad Bunny & Tony Dize;Pop, Latin Pop, Reggaetón, Puerto Rico, Latin Urban, En Español, Latin Music
Industry Baby;Lil Nas X & Jack Harlow;Pop, Rap, Pop Rap, Hip-Hop, Atlanta Rap, Trap
Baby Shark;Pinkfong;Pop, Dance-Pop, Dance, Memes, Children's Music
Someone You Loved;Lewis Capaldi;Pop, Soul Pop, UK Pop, Adult Contemporary, Adult Alternative, Singer-Songwriter, Ballad, Piano, UK
Feliz Cumpleanos Ferxxo;Feid;Pop, Reggaetón, Colombia, En Español, Latin Pop, Latin Urban, Latin Music
Summertime Sadness;Lana Del Rey vs. Cedric Gervais;Pop, Alternative Pop, Alternative, Ballad, Dark Pop, Baroque Pop, Trip-Hop
Dandelions;Ruth B.;Pop, Canada, Trap, Alternative Pop, Alternative R&B, Ballad
Easy On Me;Adele;Pop, Adult Contemporary, Blue-Eyed Soul, Singer-Songwriter, Soul, Ballad, UK, Piano
Shape Of You;Ed Sheeran;Pop, UK Pop, Dance-Pop, Electro, Electro-Pop, Dancehall, Synth-Pop, Dance, Singer-Songwriter, Tropical House, UK
Attention;NewJeans;R&B, Pop, Dance-Pop, Pop-R&B, Contemporary R&B, K-R&B, K-Pop (케이팝), South Korea, Genius Korea, Korean, Girl Group
Ultra Solo;Polima WestCoast Featuring Pailita;Pop, Chile, Latin Urban, Latin Pop, Reggaetón, Latin Music, En Español
One Kiss;Calvin Harris & Dua Lipa;Pop, House, UK Garage, Funk-Pop, Electro House, Tropical House, Electronic, Dance, UK, Alternative Dance, Dance-Pop, Electro-Pop
Sweet Child O' Mine;Guns N' Roses;Rock, Glam Rock, Alternative Rock, Alternative, Album-Oriented Rock (AOR), Eighties, Hard Rock
Watermelon Sugar;Harry Styles;Pop, Rock, Funk, Funk Rock, British Rock, Funk-Pop, UK, Pop-Rock
Hotel;Montell Fish;R&B, Soul
505;Arctic Monkeys;Rock, UK Pop, Indie Pop, Post-Britpop, Psychedelic, Psychedelic Rock, Rock Pop, Alternative Pop, Alternative, Alternative Rock, Pop-Rock, Indie, British Rock, Post-Punk Revival, Garage Rock, UK, Indie Rock
Bound 2;Kanye West;Pop, Rap, Hip-Hop, Experimental Pop, Soul Rap, Soul Pop, Soul, Experimental, Chicago Rap, Art Pop, Neo Soul, Chipmunk Soul, Pop Rap, Experimental Hip-Hop
abcdefu;GAYLE;Rock, Pop, TikTok, Alternative Pop, Pop-Rock
Ojos Marrones;Lasso;Pop, Venezuela, Latin Music, Latin Pop, En Español
I'm Not The Only One;Sam Smith;R&B, Pop, Orchestral, Singer-Songwriter, Piano, Adult Contemporary, Blue-Eyed Soul, Soul, Soul Pop, Ballad, Pop-Rock, UK
Sunflower (Spider-Man: Into The Spider-Verse);Post Malone & Swae Lee;Rap, Pop, R&B, Alternative, Pop Rap, Alternative Pop, Synth-Pop, Alternative R&B, Marvel, Soundtrack
Despues de La Playa;Bad Bunny;Pop, Cuarteto, Mambo, Puerto Rico, En Español, Latin Pop, Latin Urban, Latin Music
Call Out My Name;The Weeknd;Pop, R&B, Singer-Songwriter, Downtempo, Canada, Alternative R&B, Ballad, Dark Pop
Only Love Can Hurt Like This;Paloma Faith;Pop, Adult Contemporary, Ballad, Soul Pop, Soul, UK
September;Earth, Wind & Fire;R&B, Memes, Singer-Songwriter, Seventies, Soul Pop, Adult Contemporary, Pop-Rock, Soul, Funk, Disco
Circles;Post Malone;Rock, R&B, Pop, Synth Rock, Soft Rock, Pop-Rock, Chill, Nu Disco, Synth-Pop
Viva La Vida;Coldplay;Pop, Rock, Rock Pop, UK Pop, Chamber Pop, Alternative Pop, Alternative, Alternative Rock, Classical Crossover, Art Pop, Art Rock, Singer-Songwriter, Orchestral, Adult Alternative, Adult Contemporary, Pop-Rock, Chamber Music, Baroque Pop, British Rock, Soundtrack, UK
Lovely;Billie Eilish & Khalid;Pop, TikTok, Chamber Pop, Baroque Pop, Chamber Music, Alternative Pop, Soul, Ballad
Without Me;Eminem;Rap, Comedy, Memes, Soundtrack, Hip-Hop, Hardcore Hip-Hop, Satire
Thank God;Kane Brown With Katelyn Brown;Country, New Wave, Pop Country, Ballad, Folk Pop, Duet
Shinunoga E-Wa;Fujii Kaze;Pop, Genius Japan, Japanese, Japan, J-Pop
I Wanna Be Yours;Arctic Monkeys;Rock, Psychedelic Soul, Poetry, Adult Alternative, British Rock, Psychedelic Rock, UK, Indie Rock, Alternative Rock
Rock And A Hard Place;Bailey Zimmerman;Country, Singer-Songwriter
Where Are You Now;Lost Frequencies & Calum Scott;Pop, Tropical House, UK, België/Belgique, EDM, Dance-Pop, Dance
Murder In My Mind;Kordhell;Rap, Drift Phonk, Electro House, House, Electronic, EDM, Phonk
Betty (Get Money);Yung Gravy;Country, Ballad, Alternative Country, Alternative Rock, Folk Rock, Folk, Alternative Pop, Alternative, Americana, Pop Country, Singer-Songwriter
Don't You Worry;Black Eyed Peas, Shakira + David Guetta;Pop, Dance-Pop, Dance, EDM, Latin Pop, Latin Music, Electro, Electronica, Electro-Pop, Electronic, Colombia, France
Evergreen;Omar Apollo;R&B, UK R&B, Alternative Pop, Indie Pop
Middle Of The Night;Elley Duhe;Pop, Electro-Pop
I Was Never There;The Weeknd Featuring Gesaffelstein;Pop, R&B, Future Garage, Electro-Pop, Alternative R&B
MAMIII;Becky G X Karol G;Pop, Reggaetón, México, Latin Pop, Latin Urban, En Español, Colombia, Latin Music
Staying Alive;DJ Khaled Featuring Drake & Lil Baby;Rap, Atlanta Rap, Canada, Trap
Something Just Like This;The Chainsmokers & Coldplay;Rock, Pop, Rock Pop, UK Pop, Electro, Dance Rock, Dance-Pop, British Rock, Electronic Rock, Piano Rock, Pop-Rock, Piano, EDM, Adult Contemporary, Future Bass, UK, Electro-Pop, Electronic, Dance
Dance Monkey;Tones And I;Pop, Dance-Pop, Australia
La Cancion;J Balvin & Bad Bunny;Pop, Latin Pop, Dancehall, Reggaetón, Puerto Rico, Colombia, En Español, Latin Music, Latin Urban
Dynamite;BTS;Pop, K-Pop (케이팝), South Korea, Nu Disco, Boy Band, Genius Korea
Do I Wanna Know?;Arctic Monkeys;Rock, Pop-Rock, Psychedelic, Alternative Pop, Blues, Adult Alternative, Alternative, Indie, Alternative Rock, Psychedelic Rock, British Rock, UK, Soundtrack, Blues Rock, Indie Rock
Shallow;Lady Gaga & Bradley Cooper;Rock, Duet, Piano Rock, Piano, Folk Rock, Ballad, Musicals, Soundtrack
The Hills;The Weeknd;Pop, R&B, Alternative, Alternative Pop, Canada, Synth-Pop, Synthwave, Dark Pop, Trap, Alternative R&B
Love Nwantiti (Ah Ah Ah);CKay;Pop, Lo-Fi, Pop-R&B, TikTok, African Languages, Afrika, Nigerian Pidgin, Nigeria, Afrobeats
Everybody Wants To Rule The World;Tears For Fears;Rock, Pop, Progressive Pop, Pop-Rock, British Rock, UK, Soundtrack, Synth Rock, Synth-Pop, Singer-Songwriter, Eighties, New Wave
Desesperados;Rauw Alejandro & Chencho Corleone;Pop, Reggaetón, Latin Pop, Puerto Rico, En Español, Latin Urban, Latin Music
Wasted On You;Morgan Wallen;R&B, Country, Country Rap, Trap, Alternative R&B, Pop Country, Ballad, Singer-Songwriter
Bohemian Rhapsody;Queen;Pop, Rock, Choral Music, Progressive Pop, Album-Oriented Rock (AOR), Memes, Ballad, Glam Rock, Art Rock, Opera, Piano Rock, British Rock, Hard Rock, Piano, Seventies, UK, Progressive Rock
Un Ratito;Bad Bunny;Pop, Reggaetón, Puerto Rico, Latin Pop, Latin Urban, Latin Music, En Español
Counting Stars;OneRepublic;Rock, Pop, Folk Pop, Folk Rock, Folk, Dance-Pop, Dance, Dance Rock, Pop-Rock
Atlantis;Seafret;Pop, Rock, Pop-Rock
Smells Like Teen Spirit;Nirvana;Rock, Nineties, Alternative, Hard Rock, Grunge, Alternative Rock
My Universe;Coldplay x BTS;Rock, K-Rock, Korean, Boy Band, Genius Korea, South Korea, Electronic, UK, Pop-Rock
No Role Modelz;J. Cole;Rap, Conscious Hip-Hop
Bad Decisions;benny blanco, BTS & Snoop Dogg;Pop, Rap, K-Pop (케이팝), Electronic, Electro-Pop, Pop Rap, Synthwave, Synth-Pop, Boy Band, South Korea, Genius Korea
Gangsta's Paradise;Coolio Featuring L.V.;Pop, Rap, Soul Rap, Pop Rap, West Coast, Nineties, Soundtrack, Hardcore Hip-Hop, Soul, Gangsta Rap, Conscious Hip-Hop
I'm Invincible;Ado;Pop, Spotify Singles, Singer-Songwriter, Indie, Alternative, Teen Pop, Bubblegum Pop, Dream Pop, Indie Pop, Alternative Pop
Don't Start Now;Dua Lipa;Pop, TikTok, Nu Disco, EDM, Electro, House, Dance, Dance-Pop, UK
Woman;Doja Cat;Pop, TikTok, Dance-Pop, Pop Rap, Afrobeats
Good 4 U;Olivia Rodrigo;Pop, TikTok, Alternative Rock, Pop-Punk, Pop-Rock, Teen Pop
Un Coco;Bad Bunny;Pop, Reggaetón, Puerto Rico, Latin Urban, En Español, Latin Music
Vista Al Mar;Quevedo;Pop, Reggaetón, Spanish Pop, Spanish Urban, Spanish Music, En Español
Take Me To Church;Hozier;Rock, Pop, Pop-Rock, Soul Pop, Alternative Pop, Alternative, Piano Rock, Alternative Rock, Soul, Blue-Eyed Soul, Ballad, Dark Pop, Adult Alternative, LGBTQ+, Piano, Ireland
Every Breath You Take;The Police;Rock, Soft Rock, Eighties, Ballad, Dark Pop, Easy Listening, UK, Singer-Songwriter, Adult Contemporary, Pop-Rock, New Wave
Sex, Drugs, Etc.;Beach Weather;Pop, Indie Pop, Indie, Dream Pop
Static;Steve Lacy;Pop, R&B, Soul, Psychedelic Soul, Neo Soul, Bedroom Pop
Butter;BTS;Pop, K-Pop (케이팝), Electro-Pop, Funk, South Korea, Genius Korea, Dance-Pop, Dance, Boy Band
Riptide;Vance Joy;Pop, Rock, Alternative Pop, Alternative Rock, Pop-Rock, Folk Pop, Ballad, Australia, Singer-Songwriter, Contemporary Folk, Adult Alternative, Adult Contemporary, Folk, Alternative, Folk Rock
Dark Red;Steve Lacy;Rock, R&B, Indie, Indie Rock, Neo Soul
2 Be Loved (Am I Ready);Lizzo;Pop, Adult Contemporary, Funk-Pop, Nu Disco, Synth-Pop
In Da Club;50 Cent;Rap, Pop Rap, Hardcore Hip-Hop, New York, Hip-Hop, East Coast, Gangsta Rap
Victoria’s Secret;Jax;Rock, Pop, Punk Rock, Alternative Rock, Alternative Pop, Pop-Punk, Pop-Rock
Dakiti;Bad Bunny & Jhay Cortez;Pop, Latin Pop, Puerto Rico, En Español, Latin Music, Latin Urban
The Real Slim Shady;Eminem;Rap, Beef, Detroit, Hip-Hop, Hardcore Hip-Hop
Don't Stop Believin';Journey;Rock, Piano Rock, Hard Rock, Adult Contemporary, Album-Oriented Rock (AOR), Piano, Glam Rock, Memes, Singer-Songwriter, Eighties
Traitor;Olivia Rodrigo;Pop, Teen Pop, Ballad
Belly Dancer;Imanbek & BYOR;Pop, House, Dance
She Had Me At Heads Carolina;Cole Swindell;Country
Prohibidox;Feid;Pop, En Español, Latin Pop, Latin Urban, Colombia, Latin Music, Reggaetón
For My Hand;Burna Boy Featuring Ed Sheeran;R&B, Pop, New Wave, UK R&B, Nigeria, UK, Afrobeats
Normal;Feid;Pop, Reggaetón, Colombia, En Español, Latin Music, Latin Urban, Latin Pop
Drivers License;Olivia Rodrigo;Pop, Beef, Piano, Ballad, Teen Pop
Como Dormiste?;Rels B;Pop, Dancehall, En Español, Spanish Pop, Spanish Urban, Spanish Music
Yonaguni;Bad Bunny;Pop, Japanese, Reggaetón, Puerto Rico, En Español, Latin Pop, Latin Urban, Latin Music
Take On Me;a-ha;Pop, New Wave, Memes, Scandipop, Scandinavia, Eighties, Norge, Synth-Pop
Hotel California;Eagles;Rock, Seventies, Singer-Songwriter, Pop-Rock
The Motto;Tiesto & Ava Max;Pop, Dark Pop, Electro, Nederland, Electro-Pop, EDM, Electro House, Dance-Pop, Dance
Envolver;Anitta;Pop, Singer-Songwriter, Reggaetón, Brasil, En Español, Latin Music, Latin Urban, Latin Pop
Dos Mil 16;Bad Bunny;R&B, Pop, Trap, Latin Trap, Puerto Rico, En Español, Latin Pop, Latin Urban, Latin Music
Fleeting Lullaby;Ado;Pop, Genius Japan, Japanese, J-Pop, Japan, Soundtrack, Anime
Mr. Brightside;The Killers;Rock, Indie, Indie Rock, Pop-Rock, Rock Pop, Post-Punk, Adult Alternative, Alternative, Alternative Rock, Post-Punk Revival, New Wave
Blank Space;Taylor Swift;Pop, Adult Contemporary, Electronic, Singer-Songwriter, Teen Pop, Synth-Pop, Electro-Pop
Party En El Barrio;Paulo Londra Featuring Duki;Rap, Latin Rap, Trap, Latin Trap, Argentina, En Español, Latin Urban, Latin Music
Afraid To Feel;LF SYSTEM;Pop, Garage House, Funky House, Scotland, UK, Cover, Remix, Dance-Pop, Alternative Dance, Alternative, Dance, Nu Disco, Electro, House, Electro House, Electro-Funk, Tech House
Dreams;Fleetwood Mac;Rock, Yacht Rock, Dream Pop, Singer-Songwriter, Folk Rock, Seventies, Alternative Rock, Art Rock, Pop-Rock, Soft Rock, UK
Lose Yourself;Eminem;Rap, Memes, Anthem, Theme Song, Rap-Rock, Detroit, Hardcore Hip-Hop, Hip-Hop, Soundtrack
Thunderstruck;AC/DC;Rock, Australia, Nineties, Hard Rock
5 Foot 9;Tyler Hubbard;Country, Pop
Freestyle;Lil Baby;Rap, Freestyle, Atlanta Rap, Trap
World's Smallest Violin;AJR;Rock, Pop, Folk Pop, Baroque Pop, Singer-Songwriter, Indie Pop, Memes, TikTok
La Llevo Al Cielo;Chris Jedi, Chencho Corleone, Anuel AA & Nengo Flow;Pop, Reggaetón, Latin Music, Latin Urban, Puerto Rico, Latin Pop, En Español
There's Nothing Holdin' Me Back;Shawn Mendes;Pop, Teen Pop, Dance Rock, Dance, Alternative Pop, Pop-Rock, Canada
Kiss Me More;Doja Cat Featuring SZA;R&B, Rap, Pop, Contemporary R&B, Pop-R&B, Dance, Dance-Pop, Pop Rap
Thunder;Imagine Dragons;Pop, Trap, Electronic Trap, Electro, Electronic, Alternative, Alternative Pop, Synth-Pop, Electro-Pop
POP!;NAYEON;Pop, Dance-Pop, K-Pop (케이팝), K-Solo, South Korea, Genius Korea, Korean
All Too Well (Taylor's Version);Taylor Swift;Country, Pop, Art Pop, Folk Pop, Pop-Rock, Folk Rock, Alternative, Piano, Alternative Country, Alternative Pop, Alternative Rock, Adult Contemporary, Ballad, Singer-Songwriter, Pop Country
Hold My Hand;Lady Gaga;Pop, New Wave, Adult Contemporary, Soft Rock, Pop-Rock, Ballad, Soundtrack
Unholy;Sam Smith & Kim Petras;R&B, Pop, UK Pop, Electronic, TikTok, Dark Pop, Electro-Industrial, LGBTQ+, Alternative Pop, Alternative, Deutschland, UK, Alternative R&B, Dance-Pop
Star Walkin' (League Of Legends Worlds Anthem);Lil Nas X;Rap, Pop, Soundtrack, Synth-Pop, Atlanta Rap, Hip-Hop, Pop Rap, Trap, Anthem, Gaming, Drill
Tomorrow 2;GloRilla & Cardi B;Rap, East Coast, Hardcore Hip-Hop, Trap, DMV, Memphis, Remix
Bamba;Luciano & Aitch Featuring BIA;Rap, UK Drill, UK, UK Rap, Drill, Deutschsprachiger Drill, Deutschland
Rush Hour;Crush Featuring j-hope;R&B, K-R&B, Korean, K-Solo, South Korea, Genius Korea
No Se Va;Grupo Frontera;Pop, En Español
I Really Want To Stay At Your House;Rosa Walton;Pop, Anime, Electro-Pop, Gaming, UK, Synth-Pop, Electronic, Hyperpop, Soundtrack
Yet To Come;BTS;Rap, K-Idol-Hip-Hop, Korean, Boy Band, South Korea, Genius Korea
Dice;NMIXX;Pop, K-Pop (케이팝), Girl Group, South Korea, Genius Korea, Korean
Baby Otaku;Pablo Pesadilla x Polima Westcoast x Nicko OG;Pop, Reggaetón, Chile, En Español, Latin Pop, Latin Urban, Latin Music
Billie Jean;Michael Jackson;R&B, Pop, Soundtrack, Synth-Pop, Disco, Dance-Pop, Singer-Songwriter, Eighties, Funk, Soul, Soul Pop
When I Was Your Man;Bruno Mars;R&B, Pop, Easy Listening, Adult Contemporary, Piano, Ballad, Soul Pop
Apocalypse;Cigarettes After Sex;Rock, Pop, Art Rock, Alternative Pop, Indie Pop, Alternative, Alternative Rock, Indie Rock, Indie, Art Pop, Slowcore, Ambient, Dream Pop
La Inocente;Mora & Feid;Pop, Reggaetón, Colombia, En Español, Puerto Rico, Latin Pop, Latin Urban, Latin Music
Bad Guy;Billie Eilish;Pop, Alternative Dance, Alternative, Dance, Electronic, Dark Pop, Alternative Pop, Dance-Pop, Electro-Pop, Electro
Celestial;Ed Sheeran;Pop, Nintendo, UK Pop, Electro-Pop, Gaming, Singer-Songwriter, UK
The Blessing;YOASOBI;Pop, Genius Japan, TV, Soundtrack, Theme Song, Anime, J-Pop, Japanese, Japan
Belki;Dedubluman Featuring Mavzer Tabancas;Rock, Türkçe Sözlü Rock, Türkiye, Turkey
We Fell In Love In October;girl in red;Rock, Dream Pop, Bedroom Pop, Scandinavia, LGBTQ+, Norge, Indie Monday, Indie Rock
Uh Oh;Tate McRae;Pop, Teen Pop, Canada
How Do I Say Goodbye;Dean Lewis;Pop, Australia
Besos Moja2;Wisin & Yandel + Rosalia;Pop, Spanish Pop, Spanish Urban, Spanish Music, Reggaetón, Puerto Rico, En Español, Latin Pop, Latin Urban, Latin Music
Somewhere Only We Know;Keane;Pop, Rock, Adult Contemporary, Adult Alternative, Soft Rock, Alternative Pop, Piano Rock, Post-Britpop, British Rock, Easy Listening, Alternative, Ballad, Piano, Pop-Rock, Alternative Rock, UK
Thinking Out Loud;Ed Sheeran;Rock, Pop, Singer-Songwriter, Folk, Adult Contemporary, Easy Listening, Bedroom Pop, Acoustic, Ballad, Soul, UK
Case 143;Stray Kids;Pop, K-Pop (케이팝), Korean, Boy Band, South Korea, Genius Korea
Kick Back;Kenshi Yonezu;Rock, Genius Japan, J-Rock, TV, Japanese, Japan, Soundtrack, Theme Song, Anime
The Loneliest;Maneskin;Rock, Ballad, Italy
Miss You;Oliver Tree & Robin Schulz;Pop, Techno, House, Remix, Dance, Electronic
Punto 40;Rauw Alejandro & Baby Rasta;Pop, Puerto Rico, Reggaetón, En Español, Latin Pop, Latin Urban, Latin Music
Poland;Lil Yachty;Rap, TikTok, Electronic, Electronic Trap, Experimental Hip-Hop, Hip-Hop, Trap, Memes, Rage, Atlanta Rap
Dark Horse;Katy Perry Featuring Juicy J;Rap, Pop, Pop Rap, Electro-Pop, Hip-Hop, Memphis, Dark Pop, Trap
Overdose;natori;Pop, Romanized
After Dark;Mr.Kitty;Pop, Ambient Pop, Ambient, Dark Ambient, House, Dark Pop, Piano, Witch House, Post-Punk, New Wave, Synth-Pop, Electro-Pop, Electronic, Dark Wave
Leave The Door Open;Silk Sonic (Bruno Mars & Anderson .Paak);Pop, R&B, Pop-R&B, Motown, Soul Pop, Soul
Can't Hold Us;Macklemore & Ryan Lewis Featuring Ray Dalton;Pop, Rap, Dance-Pop, Dance, Soul Rap, Soul Pop, Soul, Neo Soul, Pop Rap
California Breeze;Lil Baby;Rap, Atlanta Rap, Trap
Real Spill;Lil Baby;Rap, Intro, Atlanta Rap, Trap
Forever;Lil Baby Featuring Fridayy;Rap, Alternative R&B, Emo Trap, Emo Rap, Atlanta Rap, Trap
Pop Out;Lil Baby & Nardo Wick;Rap, Florida Rap, Atlanta Rap, Trap
Never Hating;Lil Baby & Young Thug;Rap, Atlanta Rap, Gangsta Rap, Trap
Subtitle;Official HIGE DANdism;Pop, Genius Japan, Ballad, J-Pop, Japanese, Japan
Stand On It;Lil Baby;Rap, Atlanta Rap, Trap
Heyy;Lil Baby;Rap, Memes, Atlanta Rap, Trap
Not Finished;Lil Baby;Rap, Atlanta Rap, Trap
In A Minute;Lil Baby;Rap, Motown, Atlanta Rap, Trap
Bye Bye;Marshmello & Juice WRLD;Rap, Emo Trap, Chicago Rap, Emo Rap, Trap
Perfect Timing;Lil Baby;Rap, Atlanta Rap, Trap
Miss You;southstar;Pop, Cover, Remix, Trance, Techno, House
From Now On;Lil Baby Featuring Future;Rap, Atlanta Rap, Trap
Edging;Blink-182;Rock, Pop, Alternative Pop, Alternative Rock, Punk Rock, Pop-Punk
Antifragile;LE SSERAFIM;Pop, Reggaetón, K-Pop (케이팝), Girl Group, South Korea, Genius Korea, Korean
Waterfall Flow;Lil Baby;Rap, Atlanta Rap, Trap
Everything;Lil Baby;Rap, Atlanta Rap, Trap
Double Down;Lil Baby;Rap, Atlanta Rap, Trap
Cost To Be Alive;Lil Baby & Rylo Rodriguez;Rap, Atlanta Rap, Trap
Shiest Talk;Lil Baby Featuring Pooh Shiesty;Rap, Memphis, Atlanta Rap, Trap
Chainsaw Blood;VAUNDY;Rock, Genius Japan, J-Rock, TV, Japanese, Japan, Soundtrack, Theme Song, Anime
Mockingbird;Eminem;Rap, Letter, Detroit, Hip-Hop, Conscious Hip-Hop, Piano, Lullaby
Top Priority;Lil Baby;Rap, Atlanta Rap, Trap
Back And Forth;Lil Baby & EST Gee;Rap, Atlanta Rap, Gangsta Rap, Trap
Danger;Lil Baby;Rap, Atlanta Rap, Trap
Russian Roulette;Lil Baby;Rap, Outro, Emo Trap, Emo Rap, Dark Trap, Conscious Hip-Hop, Atlanta Rap, Trap
FR;Lil Baby;Rap, Atlanta Rap, Trap
Just Wanna Rock;Lil Uzi Vert;Rap, Dance-Pop, Dance, Electronic Trap, Electro House, Electro-Pop, Electronic, House, TikTok, Bounce, East Coast, Pop Rap, Jersey Club
Hey Mor;Ozuna Featuring Feid;Pop, Reggaetón, Colombia, Puerto Rico, En Español, Latin Pop, Latin Urban, Latin Music
Anti-Hero;Taylor Swift;Pop, Pop-Rock, Electro-Pop, Electronic, Synth-Pop, Singer-Songwriter
Lavender Haze;Taylor Swift;R&B, Pop, Funk-Pop, Electro-Pop, Electronic, Dream Pop, Alternative Pop, Singer-Songwriter
Snow On The Beach;Taylor Swift Featuring Lana Del Rey;Pop, Holiday, Ballad, Dream Pop, Alternative, Alternative Pop, Singer-Songwriter
Maroon;Taylor Swift;Pop, Trap, Dream Pop, Singer-Songwriter
Midnight Rain;Taylor Swift;Pop, Electronic Trap, Electro House, House, Electro-Pop, Electronic, Synth-Pop, Singer-Songwriter
You're On Your Own, Kid;Taylor Swift;Pop, Electro, Alternative Pop, Alternative, Electro-Pop, Electronic, Synth-Pop, Singer-Songwriter
Bejeweled;Taylor Swift;Pop, Bubblegum Pop, Nu Disco, Electro-Pop, Electronic, Synth-Pop, Singer-Songwriter
Vigilante Shit;Taylor Swift;Pop, Electro-Industrial, Industrial, Electronic, Electro-Pop, Synth-Pop, Dark Pop, Singer-Songwriter
Karma;Taylor Swift;Pop, Techno, Alternative, Alternative Pop, New Wave, Electro, Electro-Pop, Electronic, Synth-Pop, Singer-Songwriter
Question...?;Taylor Swift;Pop, Industrial, Electro-Pop, Electronic, Singer-Songwriter, Synth-Pop
Labyrinth;Taylor Swift;Pop, Alternative, Alternative Pop, Bedroom Pop, Electro-Pop, Electronic, Synth-Pop, Singer-Songwriter
Mastermind;Taylor Swift;Pop, Electro-Pop, Electronic, Synth-Pop, Singer-Songwriter
Sweet Nothing;Taylor Swift;Pop, Dream Pop, Ballad, Electro-Pop, Electronic, Bedroom Pop, Synth-Pop, Singer-Songwriter
Monotonia;Shakira + Ozuna;Pop, Bachata, En Español, Puerto Rico, Latin Urban, Colombia, Latin Music, Latin Pop
Would've, Could've, Should've;Taylor Swift;Pop, Soft Rock, Pop-Rock, Ballad, Electro-Pop, Electronic, Synth-Pop, Singer-Songwriter
Bigger Than The Whole Sky;Taylor Swift;Pop, Pop Country, Electro-Pop, Electronic, Ballad, Synth-Pop, Singer-Songwriter
The Great War;Taylor Swift;Pop, Alternative Pop, Ballad, Dream Pop, Electro-Pop, Electronic, Synth-Pop, Singer-Songwriter
Paris;Taylor Swift;Pop, Electro-Pop, Electronic, Synth-Pop, Singer-Songwriter
High Infidelity;Taylor Swift;Pop, Alternative, Ballad, Electro-Pop, Electronic, Synth-Pop, Singer-Songwriter
Glitch;Taylor Swift;Pop, New Wave, Glitch, Electronica, Ballad, Electro-Pop, Electronic, Synth-Pop, Singer-Songwriter
Dear Reader;Taylor Swift;Pop, Ballad, Electro-Pop, Electronic, Synth-Pop, Singer-Songwriter
Nxde;(G)I-DLE;Pop, Alternative Pop, K-Pop (케이팝), Girl Group, South Korea, Genius Korea, Korean
Made You Look;Meghan Trainor;Pop, Teen Pop, Funk, Funk-Pop, Bubblegum Pop, Doo-Wop
Eu Gosto Assim;Gustavo Mioto & Mari Fernandez;Non-Music, List, Em Português, Brasil
Remember;Becky Hill & David Guetta;Pop, France, UK, Dance-Pop, Electro-Pop, Dance, Electronic, EDM
Lift Me Up;Rihanna;R&B, Pop, Chamber Folk, Piano, Folk Pop, Memorial, Soul Pop, Marvel, Soundtrack, Ballad
The Astronaut;JIN;Rock, Pop-Rock, K-Rock, Korean, K-Solo, South Korea, Genius Korea
Shirt;SZA;R&B, Plugg, Trap, Pop Rap, Alternative, Contemporary R&B, Alternative R&B
Just Dance!;Travis Japan;Pop, Genius Japan, Boy Band, Japan
Thriller;Michael Jackson;R&B, Pop, Dance, Dance-Pop, Dark Pop, Soundtrack, Eighties, Halloween, Funk, Synth-Pop, Soul
In My Head;Juice WRLD;Rap, Mental Health, Emo Trap, Emo Rap, Trap, Chicago Rap
Ghostbusters;Ray Parker Jr.;Pop, Dance Rock, Soundtrack, Singer-Songwriter, Synth-Pop, Eighties
Monster Mash;"Bobby ""Boris"" Pickett And The Crypt-Kickers";Rock, Singer-Songwriter, Sixties, Halloween
This Is Halloween;Danny Elfman;Pop, Dark Cabaret, Children's Music, Holiday, Halloween, Soundtrack, Disney
Somebody's Watching Me;Rockwell;Pop, R&B, Halloween, Eighties, Motown, Electro-Pop, Electronic, Synth-Pop
Spooky, Scary Skeletons;Andrew Gold;Pop, Nineties, Ragtime, Children's Music, Memes, Halloween
Hotel Lobby (Unc And Phew);Quavo & Takeoff;R&B, Rap, Hip-Hop, Freestyle, Canada
Highway To Hell;AC/DC;Rock, Seventies, Marvel, Australia, Hard Rock
All I Want For Christmas Is You;Mariah Carey;R&B, Pop, Piano, New Wave, Christian Pop, Nineties, Holiday, Christmas
Sweet Dreams (Are Made Of This);Eurythmics;Pop, UK Pop, Alternative Pop, Adult Alternative, Experimental Pop, Experimental, Singer-Songwriter, UK, Electro-Pop, Synth-Pop, Eighties, New Wave, Memes
Rich Flex;Drake & 21 Savage;Rap, Chipmunk Soul, Memes, Trap, Atlanta Rap, Canada
Major Distribution;Drake & 21 Savage;Rap, Trap, Atlanta Rap, Canada
On BS;Drake & 21 Savage;Rap, Pop Rap, New Wave, Trap, Atlanta Rap, Canada
Pussy & Millions;Drake & 21 Savage Featuring Travis Scott;Rap, R&B, Pop Rap, Alternative R&B, Texas Rap, Trap, Atlanta Rap, Canada
Spin Bout U;Drake & 21 Savage;R&B, Rap, Alternative R&B, Alternative, Trap, Atlanta Rap, Canada
Circo Loco;Drake & 21 Savage;Rap, Diss Track, Hip-Hop, Trap, Atlanta Rap, Canada
Privileged Rappers;Drake & 21 Savage;Rap, Trap, Atlanta Rap, Canada
BackOutsideBoyz;Drake;Rap, Trap, Canada
Broke Boys;Drake & 21 Savage;Rap, Trap, Atlanta Rap, Canada
Hours In Silence;Drake & 21 Savage;Rap, Alternative R&B, Cloud Rap, Trap, Atlanta Rap, Canada
Treacherous Twins;Drake & 21 Savage;Rap, New Wave, Trap, Atlanta Rap, Canada
Middle Of The Ocean;Drake;Rap, Hip-Hop, Canada
Jumbotron Shit Poppin;Drake;Rap, Trap, Canada
More M’s;Drake & 21 Savage;Rap, Trap, Atlanta Rap, Canada
Die For You;Joji;R&B, Pop, Electro, Electro-Pop, Dream Pop, Synth-Pop, Alternative Pop, Electronic, Ballad, Piano, Alternative
I Guess It's Fuck Me;Drake;Rap, Emo Rap, Cloud Rap, Trap, Canada
3AM On Glenwood;21 Savage;Rap, Atlanta Rap, Trap
My Mind & Me;Selena Gomez;Pop, Ballad, Piano, Dream Pop, Letter, TV, Singer-Songwriter, Soundtrack
I'm Yours;Isabel LaRosa;Pop, Dark Pop, Indie, Alternative, Alternative Pop
Feeling Like The End;Joji;R&B, Pop, Trap, Indie, Pop-R&B, Chill
Before The Day Is Over;Joji;Pop, R&B, Emo Pop, Emo, Alternative R&B, Alternative Pop, Pop-R&B, Ballad, Alternative
Dream On;Aerosmith;Rock, Piano, Album-Oriented Rock (AOR), Singer-Songwriter, Blues Rock, Seventies, Ballad, Hard Rock
Last Christmas;Wham!;Pop, UK Pop, Disco, Adult Contemporary, Eighties, Singer-Songwriter, UK, Holiday, Christmas, New Wave, Synth-Pop
10:35;Tiesto Featuring Tate McRae;Pop, New Wave, Nederland, Canada, Garage House, EDM, Electro-Pop, Dance, House, Dance-Pop
Night Rider;Joji;Pop, R&B, Chill, Indie, Pop-R&B, Alternative R&B, Alternative Pop, Indie Electronic, Electronic, Trap, Alternative
TV;Billie Eilish;Pop, Dream Pop, American Folk, Contemporary Folk, Slowcore, Alternative Country, Piano, Alternative, Alternative Pop, Ballad
APA;Mora & Quevedo;Pop, Electronic, Electro House, Latin Pop, Puerto Rico, Latin Urban, Latin Music, Spanish Urban, Spanish Music, En Español
Rockin' Around The Christmas Tree;Brenda Lee;Pop, Holiday, Retro, Christmas
Jingle Bell Rock;Bobby Helms;Rock, Country, Retro, Holiday, Rockabilly, Christmas
Santa Tell Me;Ariana Grande;R&B, Pop, Bubblegum Pop, Teen Pop, Singer-Songwriter, Holiday, Christmas
Con La Brisa;Foudeqush & Ludwig Goransson;R&B, Pop, Indie Pop, Alternative Pop, Spanish Pop, Alternative R&B, Pop-R&B, Soul Pop, Folk Pop, Chill, En Español, México
Born Again;Rihanna;Pop, Adult Contemporary, Soul Pop, Soul, Lullaby, Soundtrack, Ballad
Run BTS;BTS;Rap, K-Idol-Hip-Hop, South Korea, Genius Korea, Korean, Boy Band
Alone;Burna Boy;R&B, Rap, Soundtrack, Nigerian Pidgin, Nigeria, Afrobeats
It's Beginning To Look A Lot Like Christmas;Michael Buble;Pop, Canada, Holiday, Christmas, Jazz
Bzrp Music Sessions, Vol. 50;Bizarrap & Duki;Rap, Trap, Latin Trap, Latin Rap, Argentina, Latin Urban, Latin Music, En Español
Wait In The Truck;HARDY Featuring Lainey Wilson;Country, Ballad, Outlaw Country, Singer-Songwriter
It's The Most Wonderful Time Of The Year;Andy Williams;Pop, Sixties, Christmas, Holiday
Here With Me;d4vd;Pop, Alternative Pop, Folk, Indie
Underneath The Tree;Kelly Clarkson;Pop, Christmas, Bubblegum Pop, Holiday
A Holly Jolly Christmas;Burl Ives;Pop, Holiday, Cover, Christmas
Dreamers (Music From The FIFA World Cup Qatar 2022);Jung Kook;Rap
Let It Snow! Let It Snow! Let It Snow!;Dean Martin;Pop, Holiday, Retro, Christmas
Down In Atlanta;Pharrell Williams & Travis Scott;Pop, Rap, Alternative Dance, Dance, Alternative, Hip-Hop, Synthwave, Synth-Pop, Dance-Pop, Bedroom Pop, Alternative Pop, Pop Rap, Texas Rap
Feliz Navidad;Jose Feliciano;Rock, Pop, Puerto Rico, Seventies, En Español, Latin Pop, Latin Music, Holiday, Christmas
Cairo;Karol G & Ovy On The Drums;Pop, Dance, Moombahton, Dancehall, Colombia, En Español, Latin Pop, Latin Urban, Latin Music
Waka Waka (This Time For Africa);Shakira Featuring Freshlyground;Rap, Pop Rap, Atlanta Rap, DMV, Memes, Trap
Tukoh Taka (Music From The FIFA World Cup Qatar 2022);Nicki Minaj x Maluma x Myriam Fares;Pop, Soundtrack, Dembow, Lebanese Rap - راب لبناني, Electro House, EDM, Electronic, Colombia, Latin Pop, Latin Music, En Español, Football (Soccer)
Sleigh Ride;The Ronettes;Pop, Christmas
It's Beginning To Look Like Christmas;Perry Como And The Fontane Sisters With Mitchell Ayres And His Orchestra;Pop, Christmas
The Christmas Song (Merry Christmas To You);Nat King Cole;Pop, Holiday, Jazz, Christmas
Snowman;Sia;Pop, TikTok, Ballad, Australia, Holiday
Mistletoe;Justin Bieber;Pop, Holiday, Christmas, Canada
Evoque Prata;MC MENOR HR E MC Menor SG & DJ ESCOBAR;Rap, Brasil, TikTok, Em Português, Funk Nacional
White Christmas;Bing Crosby;Pop, Christmas
Christmas (Baby Please Come Home);Darlene Love;Pop, Holiday, Christmas
Jingle Bells;Frank Sinatra;Pop, Holiday, Christmas
Wonderful Christmastime;Paul McCartney;Pop, UK Pop, Memes, New Wave, Synth-Pop, Seventies, UK, Singer-Songwriter, Pop-Rock, Christmas, Holiday
Do They Know It's Christmas?;Band Aid;Rock, Pop, UK, Eighties, Charity, Holiday, Synth-Pop, New Wave, Christmas
Holly Jolly Christmas;Michael Buble;Pop, Canada, Cover, Holiday, Christmas, Jazz
Deck The Halls;Nat King Cole;R&B, Pop, Cover, Traditional, Holiday, Jazz, Soul Jazz, Soul, Soul Pop, Christmas
Happy Xmas (War Is Over);John & Yoko/The Plastic Ono Band With The Harlem Community Choir;Pop, Rock, Orchestral, Baroque Pop, Folk Pop, Brill Building, Pop-Rock, UK, Seventies, Singer-Songwriter, Protest Songs, Holiday, Christmas
Blue Christmas;Elvis Presley;R&B, Country, Rock, Holiday, Retro, Cover, Pop Country, Christmas
Santa Claus Is Comin' To Town;Jackson 5;R&B, Pop, Cover, Holiday, Seventies, Motown, Funk, Soul, Soul Pop, Christmas
Merry Christmas Everyone;Shakin' Stevens;Pop, Pop-Rock, UK Pop, Eighties, Wales, UK, Holiday, Christmas
Escapism;RAYE Featuring 070 Shake;Rap, Pop, Trip-Hop, Alternative Pop, Pop Rap, UK Rap, UK Pop, UK
Santa Baby;Eartha Kitt With Henri Rene And His Orchestra;Pop, Easy Listening, Retro, Soundtrack, Holiday, Jazz, Christmas
Rudolph The Red-Nosed Reindeer;Gene Autry;Country, Children's Music, Retro, Christmas
Driving Home For Christmas;Chris Rea;Pop, Pop-Rock, Piano, Christmas, Eighties, UK
Merry Christmas;Ed Sheeran & Elton John;Pop, Charity, Singer-Songwriter, UK, Holiday, Christmas
Hallelujah;Pentatonix;Pop, Cover, A Cappella, Christmas
Run Rudolph Run;Chuck Berry;Rock, Holiday, Christmas
Here Comes Santa Claus (Right Down Santa Claus Lane);Gene Autry;Country, Pop, Retro, Singer-Songwriter, Holiday, Christmas
Little Saint Nick;The Beach Boys;Pop, Christmas
You're A Mean One, Mr. Grinch;Thurl Ravenscroft;Pop, Musicals, Sixties, Soundtrack, Children's Literature, Children's Music, Holiday, Christmas
Like It's Christmas;Jonas Brothers;Pop, Holiday, Christmas
Have Yourself A Merry Little Christmas;Michael Buble;Pop, Canada, Christmas, Jazz
Que Agonia;Yuridia & Angela Aguilar;Country, Ranchera, México, Regional Mexicano, Latin Music, En Español
Shut Up My Moms Calling;Hotel Ugly;Pop, Indie Pop, Indie, Alternative Pop
This Christmas;Donny Hathaway;R&B, Holiday, Christmas, Soul
Creepin';Metro Boomin, The Weeknd & 21 Savage;Pop, R&B, Rap, Downtempo, Pop Rap, Synth-Pop, Alternative R&B, Alternative, Pop-R&B, Trap, Hip-Hop, Canada, Atlanta Rap
Superhero (Heroes & Villains);Metro Boomin, Future & Chris Brown;Pop, EDM, Trap, Electronic
La Jumpa;Arcangel & Bad Bunny;Rap, Pop, House, Drill, Latin Drill, Latin Rap, Trap, Latin Trap, Puerto Rico, En Español, Latin Pop, Latin Urban, Latin Music
Niagara Falls (Foot Or 2);Metro Boomin, Travis Scott & 21 Savage;Rap, Canada
Too Many Nights;Metro Boomin Featuring Don Toliver & Future;Rap, Atlanta Rap, Texas Rap, Trap
Umbrella;Metro Boomin, 21 Savage & Young Nudy;Rap, Atlanta Rap, Trap
Raindrops (Insane);Metro Boomin & Travis Scott;Pop, Tropical House, Dance, Electronic
Wild Flower;RM With Youjeen;Rock, Duet, Korean, K-Rock, K-Solo, South Korea, Genius Korea
Trance;Metro Boomin, Travis Scott & Young Thug;Rap, Psychedelic Trance, Psychedelic, Trance, Trap, Atlanta Rap, Texas Rap
On Time;Metro Boomin & John Legend;Pop, R&B, Rap, Soul Rap
Metro Spider;Metro Boomin & Young Thug;Rap, Piano, Dark Trap, Trap, Atlanta Rap
Bloody Mary;Lady Gaga;Pop, TikTok, Techno, Electro-Pop, Electronic, Art Pop, Synth-Pop
Around Me;Metro Boomin Featuring Don Toliver;R&B, Rap, Psychedelic, Pop Rap, Hip-Hop, Trap, Texas Rap
Walk Em Down (Don't Kill Civilians);Metro Boomin & 21 Savage Featuring Mustafa;Rap, West Coast, Memphis, Trap
I Can't Save You (Interlude);Metro Boomin & Future Featuring Don Toliver;Rap, Trap, Remix
One Thing At A Time;Morgan Wallen;Country, Pop Country, Singer-Songwriter
Feel The Fiyaaaah;Metro Boomin & A$AP Rocky Featuring Takeoff;Rap, Outro, Hip-Hop, East Coast, Chipmunk Soul, New York, Atlanta Rap, Trap
Tennessee Fan;Morgan Wallen;Country, Pop Country, Singer-Songwriter
All The Money (Bonus);Metro Boomin & Gunna;Rap, Battle Rap, Detroit, Beef, Hardcore Hip-Hop, Hip-Hop, Trap
Lock On Me;Metro Boomin, Travis Scott & Future;Rap, Atlanta Rap, Texas Rap, Trap
Days That End In Why;Morgan Wallen;Country, Ballad
Let It Snow, Let It Snow, Let It Snow;Frank Sinatra With The B. Swanson Quartet;Pop, Cover, Christmas
Heather;Conan Gray;Pop, LGBTQ+, Teen Pop, Ballad, Adult Contemporary
Santa, Can't You Hear Me;Kelly Clarkson & Ariana Grande;Pop, Holiday, Christmas
You Make It Feel Like Christmas;Gwen Stefani Featuring Blake Shelton;Pop, Christmas
Please Come Home For Christmas;Eagles;Country, Rock, Seventies, Christmas
Christmastime Is Here;Vince Guaraldi Trio;Pop, TV, Children's Music, Soundtrack, Choral Music, Sixties, Ballad, Piano, Holiday, Christmas, Jazz Fusion, Jazz
Antidepresan;Mert Demir & Mabel Matiz;Pop, Türkçe Sözlü Pop, Türkiye, Turkey
Step Into Christmas;Elton John;Rock, Pop, Holiday, UK, Seventies, Piano Rock, Pop-Rock, Piano, Christmas
Someday At Christmas;Lizzo;Pop, Cover
Cozy Little Christmas;Katy Perry;Pop, Christmas, Holiday
Baby, It's Cold Outside;Dean Martin;Pop, Retro, Holiday, Jazz, Christmas
Still Life;RM With Anderson .Paak;Rap, Duet, Korean, K-Hip-Hop, K-Solo, South Korea, Genius Korea
Santa Claus Is Comin' To Town;Bruce Springsteen;Rock, Christmas
Have Yourself A Merry Little Christmas;Frank Sinatra;Pop, Traditional, Holiday, Retro, Christmas
Fairytale Of New York;The Pogues Featuring Kirsty MacColl;Rock, Pop, Piano Rock, Holiday, Ballad, British Rock, UK, Duet, Symphonic Rock, Celtic Punk, Folk Punk, Piano, Eighties, Irish Folk, Celtic, Christmas, Folk, Folk Rock
My Only Wish (This Year);Britney Spears;R&B, Duet, Alternative R&B, Future Bass, Canada
Kill Bill;SZA;Pop, Alternative R&B, Alternative Pop, Psychedelic, Bedroom Pop, Trip-Hop
Nobody Gets Me;SZA;Pop, Alternative Pop, Adult Contemporary, Contemporary Folk, Folk Pop, Singer-Songwriter, Folk, Ballad
Blind;SZA;Pop, Pop Rap, Neo Soul, Art Pop, Folk, Contemporary Folk, Chamber Folk
Low;SZA;R&B, Rap, Dark Trap, Dark Ambient, Contemporary R&B, Pop Rap, Trap
Love Language;SZA;R&B, Alternative R&B, Contemporary R&B
Seek & Destroy;SZA;R&B, Psychedelic, Trip-Hop, Bedroom Pop, Pop-R&B, Alternative Pop, Neo-Psychedelia, Alternative R&B
Used;SZA Featuring Don Toliver;Rap, R&B, Soul Rap, Hip-Hop, Soul, Neo Soul, Pop Rap, Alternative, Alternative R&B, Trip-Hop
Snooze;SZA;Pop, R&B, Neo Soul, Pop-R&B, Alternative Pop, Alternative, Contemporary R&B, Trip-Hop
SOS;SZA;R&B, Intro, Alternative, Electro-Soul, Alternative R&B, Chipmunk Soul
Special;SZA;Pop, Teen Pop, Folk Pop, Pop-R&B
Ghost In The Machine;SZA Featuring Phoebe Bridgers;R&B, Trip-Hop, Art Pop, Pop-R&B, Alternative Pop, Contemporary R&B, Alternative R&B, Alternative
Gone Girl;SZA;Pop, R&B, Neo Soul, Soul, Soul Pop, Contemporary R&B, Ballad
Notice Me;SZA;Rap, R&B, Bubblegum Bass, Pop Rap, Pop-R&B, Alternative Pop, Trap
Open Arms;SZA Featuring Travis Scott;Pop, R&B, Downtempo, Pop Rap, Contemporary R&B, Pop-R&B, Alternative, Alternative Pop, Soul, Neo Soul
F2F;SZA;Pop, Rock, Alternative, Alternative Rock, Pop-Rock, Pop-Punk
Smoking On My Ex Pack;SZA;Rap, R&B, Singer-Songwriter, Hip-Hop, Contemporary R&B, Pop Rap, Chipmunk Soul, Interlude
Good Days;SZA;R&B, Art Pop, Downtempo, Contemporary R&B, Alternative, Dream Pop, Neo-Psychedelia, Psychedelic Soul, Soul, Neo Soul, Alternative R&B
Conceited;SZA;Rap, Bubblegum Bass, Alternative R&B, Trap
I Hate U;SZA;R&B, Trip-Hop, Alternative, Alternative R&B
Too Late;SZA;Pop, R&B, Bounce, Trap, Contemporary R&B
Far;SZA;R&B, Trip-Hop, Trap, Hip-Hop, Lo-Fi, Contemporary R&B, Alternative, Alternative R&B, Soul, Neo Soul
First Love;Utada Hikaru;Pop, Genius Japan, Japanese, Japan, J-Pop
Gatita;Bellakath;Pop, Reggaetón, México, Latin Urban, Latin Pop, Latin Music, En Español
Happy Holiday/The Holiday Season;Andy Williams;Pop, Christmas
I'll Be Home For Christmas;Michael Buble;Pop, Canada, Christmas, Jazz
Forgiveless;SZA Featuring Ol' Dirty Bastard;Rap, East Coast, Pop Rap, Hip-Hop, Boom Bap, Trip-Hop
Winter Wonderland;Darlene Love;Pop
Merry Christmas, Happy Holidays;'N Sync;Pop, Holiday, Nineties, Christmas, Boy Band
Mele Kalikimaka (Merry Christmas);Bing Crosby & The Andrews Sisters;Pop, Retro, Holiday, Christmas
Let Go;Central Cee;Rap, Emo Rap, UK Drill, Drill, UK Rap, UK
Ditto;NewJeans;Pop, Alternative Dance, Minimal Techno, K-Pop (케이팝), Girl Group, South Korea, Genius Korea, Korean
Marisola;Cris Mj Featuring Standly;Pop, Remix, Argentina, Chile, En Español, Reggaetón, Latin Pop, Latin Urban, Latin Music
What Christmas Means To Me;Stevie Wonder;R&B, Rock, Holiday, Christmas, Motown
Christmas Lights;Coldplay;Rock, Piano Rock, British Rock, UK, Piano, Alternative, Alternative Rock, Christmas, Ballad
Face 2 Face;Juice WRLD;Rap, Mental Health, Emo Pop, Alternative R&B, Pop Rap, Acoustic, Emo, Emo Trap, Emo Rap, Trap, Chicago Rap
Sure Thing;Miguel;R&B, TikTok, Alternative R&B, Soul, Soul Pop
Nothing Is Lost (You Give Me Strength);The Weeknd;Pop, R&B, Alternative R&B, Synth-Pop, Soundtrack, Canada
One More Sleep;Leona Lewis;Pop, UK Pop, UK, Christmas
Christmas (Baby Please Come Home);Mariah Carey;Pop, Holiday, Christmas
I Saw Mommy Kissing Santa Claus;Jackson 5;R&B, Pop, Cover, Funk, Soul Pop, Seventies, Motown, Christmas
Linus And Lucy (Peanuts Theme);Vince Guaraldi Trio;Rap, Hardcore Hip-Hop, Trip-Hop, Soundtrack, Gangsta Rap
Have Yourself A Merry Little Christmas;Sam Smith;R&B, Pop, Cover, Britpop, UK R&B, UK, Holiday, Christmas
Here Comes Santa Claus (Right Down Santa Claus Lane);Elvis Presley;Country, Pop, Retro, Singer-Songwriter, Holiday, Christmas
Someday At Christmas;Stevie Wonder;R&B, Sixties, Soul, Protest Songs, Motown, Christmas
Winter Wonderland;Bing Crosby;Pop, Holiday, Christmas, Cover
What Christmas Means To Me;John Legend Featuring Stevie Wonder;R&B, Pop, Holiday, Christmas, Cover, Soul, Soul Pop
Candy;NCT DREAM;Pop, K-Pop (케이팝), Holiday, Christmas, Boy Band, South Korea, Genius Korea
Metamorphosis;INTERWORLD;Rap, Drift Phonk, Memphis, Phonk
Gato de Noche;Nengo Flow & Bad Bunny;Pop, Reggaetón, Puerto Rico, En Español, Latin Pop, Latin Urban, Latin Music
Jingle Bell Rock;Daryl Hall John Oates;Rock, Cover, Christmas
Santa Claus Is Coming To Town;Frank Sinatra;Non-Music, Christmas, List
Bombonzinho;Israel & Rodolffo & Ana Castela;Pop, Brasil, Em Português, Sertanejo, Concert, Live
Santa Claus Is Coming To Town;Michael Buble;Pop, Canada, Christmas, Holiday, Jazz
I Wish It Could Be Christmas Everyday;Wizzard;Rock, Pop-Rock, Seventies, British Rock, UK, Christmas, Glam Rock
Christmas (Baby Please Come Home);Michael Buble;Pop, Holiday, Christmas
Christmas Without You;Ava Max;Pop, Holiday, Christmas
Santa Baby;Kylie Minogue;Pop, Australia, Christmas, Cover
Rudolph The Red-Nosed Reindeer;Burl Ives;Pop, Christmas
Carol Of The Bells;John Williams;Pop, Holiday, Christmas
Merry Christmas Everybody;Slade;Rock
Joy To The World;Nat King Cole;R&B, Pop, Traditional, Cover, Holiday, Christmas, Jazz, Soul Jazz, Soul Pop, Soul
Thank God It's Christmas;Queen;Rock, British Rock, UK, Eighties, Synth Rock, Pop-Rock, Christmas
OMG;NewJeans;Pop, K-Pop (케이팝), Korean, Genius Korea, South Korea, Girl Group
Bebe Dame;Fuerza Regida X Grupo Frontera;Pop, Cumbia
Maan Meri Jaan;King;Pop, Genius India
The Color Violet;Tory Lanez;Pop, R&B, Canada
Punto G;Quevedo;Pop, Reggaetón, Spanish Urban, Spanish Pop, Spanish Music, En Español
Going, Going, Gone;Luke Combs;Country
Wake Me Up!;Avicii;Pop, Folk Pop, Folk, Progressive House, Folktronica, Scandipop, Dance-Pop, Dance, Scandinavia, Sverige, Adult Alternative, Adult Contemporary
I Gotta Feeling;The Black Eyed Peas;Non-Music, Meta
Habit;SEKAI NO OWARI;Pop, Genius Japan, J-Pop, Japanese, Japan
Spit In My Face!;ThxSoMch;Rock, Canada, Post-Punk Revival, Post-Punk, Indie Rock
I Wanna Dance With Somebody (Who Loves Me);Whitney Houston & P2J;Pop, R&B, Eighties, Soul Pop, Adult Contemporary, Synth-Pop, Dance
Livin' On A Prayer;Bon Jovi;Rock, Album-Oriented Rock (AOR), Ballad, Eighties, Glam Metal, Hard Rock, Glam Rock
Heart Like A Truck;Lainey Wilson;Country, Singer-Songwriter
Bzrp Music Sessions, Vol. 53;Bizarrap & Shakira;Pop, Deep House, Synth-Pop, Latin Urban, Latin Pop, Latin Music, En Español, Colombia, Argentina
Leao;Marilia Mendonca;Pop, Brega, Brasil, Em Português
Yandel 150;Yandel & Feid;Pop, Puerto Rico, Reggaetón, Colombia, En Español, Latin Pop, Latin Urban, Latin Music
Pointless;Lewis Capaldi;Pop, Piano, UK, Scotland, Singer-Songwriter, Alternative Pop, UK Pop
AMG;Gabito Ballesteros, Peso Pluma & Natanael Cano;Rap, En Español, Latin Urban, Latin Music, Regional Mexicano, México
Players;Coi Leray;Rap, New Wave, Nu Disco
Rumble;Skrillex, Fred again.. & Flowdan;Rap, Pop, Dance, Electronic Trap, EDM, UK Rap, Dubstep, Trap, UK, Electronic
Chorrito Pa Las Animas;Feid;Pop, Reggaetón, Latin Pop, Colombia, En Español, Latin Urban, Latin Music
Space Song;Beach House;Rock, Pop, Slowcore, Alternative Pop, Alternative, Alternative Rock, Indie Pop, Indie Rock, Indie, Dream Pop
Collide;Justine Skye Featuring Tyga;R&B, Rap
Say You Won't Let Go;James Arthur;R&B, Pop, UK Pop, UK R&B, Alternative R&B, Adult Contemporary, Easy Listening, Acoustic, Singer-Songwriter, Ballad, UK
Superman;Eminem;Rap, Comedy, Detroit, Porncore, Hardcore Hip-Hop, Hip-Hop
Locked Out Of Heaven;Bruno Mars;Pop, Rock, Reggae, New Wave, Funk, Pop-Rock, Reggae Rock
Thought You Should Know;Morgan Wallen;Country, Singer-Songwriter, Ballad, Acoustic
Flowers;Miley Cyrus;Pop, Funk-Pop, Dance Rock, Pop-Rock, Nu Disco, Dance-Pop, Dance
Vibe;TAEYANG Featuring Jimin;R&B, K-R&B, Genius Korea, Korean, K-Solo, South Korea
Nonsense;Sabrina Carpenter;R&B, Pop, Alternative R&B, Bubblegum Pop, Teen Pop, Trap, Singer-Songwriter
Fin de Semana;Junior H X Oscar Maydon;Pop, Regional Mexicano, Corrido
People;Libianca;Pop, Afrosoul, Afrobeats
Party In The U.S.A.;Miley Cyrus;Pop, Pop-Rock, Bubblegum Pop, Teen Pop
Playa del Ingles;Quevedo & Mike Towers;Pop, Soul Pop, New Wave, Dancehall, Contemporary R&B, Island Music, Pop-R&B, Alternative R&B, Jamaica, Canada, UK Pop, UK
Sie Weib;AYLIVA Featuring Mero;Pop, Afrobeats, Latin Music, Spanish Music, Latin Pop, Spanish Pop, En Español, Puerto Rico, Spanish Urban, Latin Urban
Midnight Sky;Miley Cyrus;Rock, Pop, Alternative Pop, Alternative, New Wave, Dance-Pop, Dance, Synthwave, Synth-Pop, Pop-Rock, Alternative Rock, LGBTQ+, Electro-Pop, Nu Disco
Demons;Imagine Dragons;Pop, Rock, Trip-Hop, Adult Contemporary, Soft Rock, Memes, Mental Health, Ballad, Adult Alternative, Alternative Pop, Alternative Rock, Pop-Rock, Alternative
Hips Don't Lie;Shakira Featuring Wyclef Jean;R&B, Pop, Reggaetón, Dance-Pop, Dance, Cumbia, Latin Music, Colombia, Salsa, Latin Pop
Wrecking Ball;Miley Cyrus;Pop, Melodic Dubstep, Dubstep, Chamber Pop, Orchestral, Adult Contemporary, Ballad
Billete Grande;Fuerza Regida X Edgardo Nunez;Pop, Corrido
Moonlight Sunrise;TWICE;Pop, Dance-Pop, K-Pop (케이팝), Girl Group, South Korea, Genius Korea
Knight Crawler;Trippie Redd & Juice WRLD;Rock, Rap, Hardcore Hip-Hop, Dark Trap, Rap-Rock, Trap Metal, East Coast, Chicago Rap, Trap
Komet;Udo Lindenberg & Apache 207;Pop, Rock, Rap, Deutschsprachiger Pop, Deutschland, Deutschsprachiger Rock, Deutschsprachiger Rap
Set Fire To The Rain;Adele;Pop, Pop-Rock, UK Pop, UK, Piano, Orchestral, Adult Contemporary, Soul Pop, Singer-Songwriter, Ballad
Heart To Heart;Mac DeMarco;Rock, Alternative, Alternative Rock, Indie, Indie Rock
Rush;Ayra Starr;Pop, New Wave, Nigeria, Afrobeats
In The End;Linkin Park;Rap, Rock, Hard Rock, Alternative Metal, Rap Metal, Metal, Alternative, Alternative Rock, Rap-Rock, Nu-Metal
Love Again;The Kid LAROI;Rock, Pop, Australia, Pop-Rock
Sugar Rush Ride;TOMORROW X TOGETHER;Pop, K-Pop (케이팝), Korean, Boy Band, South Korea, Genius Korea
I'm Not Here To Make Friends;Sam Smith;Pop, Dance-Pop, Synth-Pop, Funk, Nu Disco, UK Pop, UK
LLYLM;Rosalia;Pop, En Español, Spanish Pop, Spanish Music, Flamenco
Last Night;Morgan Wallen;Country, Ballad
PRC;Peso Pluma X Natanael Cano;Rap, Latin Urban, Latin Music, En Español, Corrido, Regional Mexicano, México
Dawns;Zach Bryan Featuring Maggie Rogers;Rock, Americana, Folk Rock, Singer-Songwriter, Alternative Rock, Alternative Country
Hey, Mickey!;Yung Baby Tate;Rap, TikTok, Atlanta Rap
Trustfall;P!nk;Pop, Dance-Pop, Electro House, Electro-Pop
Those Eyes;New West;Pop, Soul Pop, British Rock
Growin' Up And Gettin' Old;Luke Combs;Country
Boy's A Liar, Pt. 2;PinkPantheress & Ice Spice;Rap, Pop, UK, Chiptune, Remix, Dance-Pop, Alternative Dance, UK Pop, Alternative Pop
X Si Volvemos;Karol G x Romeo Santos;Pop, Reggaetón, Colombia, En Español, Latin Pop, Latin Urban, Latin Music
Zona de Perigo;Leo Santana;Pop, Brasil, Pagode Baiano, Em Português
I Wrote The Book;Morgan Wallen;Country, Singer-Songwriter
Everything I Love;Morgan Wallen;Country, Singer-Songwriter
Watch The World Burn;Falling In Reverse;Rock, Rap Metal, Metal, Metalcore, Hip-Hop
Someone Like You;Adele;Pop, Singer-Songwriter, Soul Pop, Adult Contemporary, Ballad, Piano
Ch y La Pizza;Fuerza Regida X Natanael Cano;Pop, Latin Music, Corrido, En Español, Regional Mexicano
Love On The Brain;Rihanna;R&B, Pop, Psychedelic Soul, Brill Building, Contemporary R&B, Blues, Adult Alternative, Adult Contemporary, Ballad, Soul Pop, Dark Pop, Doo-Wop
Rolling In The Deep;Adele;R&B, Blue-Eyed Soul, Soul Pop, Ballad, Singer-Songwriter, Adult Contemporary
Mercho;Lil CaKe & Migrantes Featuring Nico Valdi;Pop, Latin Pop, RKT, Latin Urban, Reggaetón, Latin Music, En Español, Argentina
Just The Way You Are;Bruno Mars;R&B, Pop, Alternative R&B, Piano, Ballad, Adult Contemporary, Soul Pop, Soul
